condition,condition_label,model,train_accuracy,train_macro_f1,validation_accuracy,validation_macro_f1,validation_loss_name,validation_loss,n_features
raw,原始文本,MultinomialNB,0.9625042416016287,0.9626854755922046,0.8900949796472184,0.8911249492037442,log_loss,0.6621686180928861,20000
raw,原始文本,SVC,0.996437054631829,0.9964419936809226,0.923337856173677,0.9241643687593946,multiclass_hinge_loss_from_decision_scores,0.23715551273407884,20000
raw,原始文本,LogisticRegression,1.0,1.0,0.9287652645861602,0.9292027842227213,log_loss,0.259367298390165,20000
raw,原始文本,MLPClassifier,1.0,1.0,0.9260515603799185,0.9266148662736409,log_loss,0.23783586690505845,20000
keep_subject,删除非 Subject 邮件头,MultinomialNB,0.9706481167288769,0.9707469624432035,0.9029850746268657,0.9040191266563291,log_loss,0.6602225266143906,20000
keep_subject,删除非 Subject 邮件头,SVC,0.997455039022735,0.997457586796599,0.9274084124830394,0.9282523479089662,multiclass_hinge_loss_from_decision_scores,0.22865781418969583,20000
keep_subject,删除非 Subject 邮件头,LogisticRegression,0.999830335934849,0.9998306519898392,0.9355495251017639,0.9361728274990699,log_loss,0.25881929722100705,20000
keep_subject,删除非 Subject 邮件头,MLPClassifier,0.999830335934849,0.9998306515041688,0.9294436906377205,0.9300918043054451,log_loss,0.23362433997404092,20000
body_only,删除全部邮件头（含 Subject）,MultinomialNB,0.9597896165592128,0.9598653567022171,0.8738127544097694,0.875018427824025,log_loss,0.7557731204472398,20000
body_only,删除全部邮件头（含 Subject）,SVC,0.995249406175772,0.9952597861004566,0.9063772048846676,0.9077723334385499,multiclass_hinge_loss_from_decision_scores,0.30257928461004197,20000
body_only,删除全部邮件头（含 Subject）,LogisticRegression,0.997964031218188,0.997977128683783,0.907055630936228,0.907708717773053,log_loss,0.3289577554652882,20000
body_only,删除全部邮件头（含 Subject）,MLPClassifier,0.997964031218188,0.997977128683783,0.9104477611940298,0.9111830960226474,log_loss,0.31177680556021364,20000
without_quotes,删除引用回复行,MultinomialNB,0.9664065151001018,0.9665733190862547,0.8690637720488467,0.8702459227659594,log_loss,0.8079034613186086,20000
without_quotes,删除引用回复行,SVC,0.997115710892433,0.9971203058579448,0.9056987788331072,0.9067036766167146,multiclass_hinge_loss_from_decision_scores,0.2813937667914622,20000
without_quotes,删除引用回复行,LogisticRegression,0.999830335934849,0.9998306519898392,0.907055630936228,0.90762425408827,log_loss,0.32297378474108734,20000
without_quotes,删除引用回复行,MLPClassifier,0.999830335934849,0.9998306515041688,0.9138398914518318,0.9143571997389677,log_loss,0.29282996956197355,20000
without_signatures,删除签名块,MultinomialNB,0.9670851713607058,0.9672190702270098,0.9029850746268657,0.9040490660790852,log_loss,0.6807192315907178,20000
without_signatures,删除签名块,SVC,0.9969460468272819,0.9969484010072804,0.9260515603799185,0.9269139456134768,multiclass_hinge_loss_from_decision_scores,0.23228420989718576,20000
without_signatures,删除签名块,LogisticRegression,0.999830335934849,0.9998306519898392,0.932157394843962,0.9329633234097876,log_loss,0.26583243297307124,20000
without_signatures,删除签名块,MLPClassifier,0.999830335934849,0.9998306515041688,0.9308005427408412,0.9315342952212319,log_loss,0.23786791722769782,20000
